{"flu_h3n2": {"mutation_counts": {"TtoG": 248, "CtoT": 2803, "TtoC": 2907, "AtoG": 3643, "GtoA": 4569, "AtoT": 509, "CtoA": 965, "TtoA": 367, "AtoC": 359, "GtoT": 544, "CtoG": 30, "GtoC": 63}, "mutation_spectrum": {"TtoG": 0.5714285714285714, "CtoT": 8.342261904761905, "TtoC": 6.6981566820276495, "AtoG": 5.613251155624037, "GtoA": 14.278125, "AtoT": 0.7842835130970724, "CtoA": 2.8720238095238093, "TtoA": 0.8456221198156681, "AtoC": 0.5531587057010786, "GtoT": 1.7, "CtoG": 0.08928571428571429, "GtoC": 0.196875}, "ff_syn_states": {"C": 336, "G": 320, "T": 434, "A": 649}, "empirical_frequencies": {"A": 0.37320299022426684, "C": 0.1932144910868315, "G": 0.18401380103507764, "T": 0.24956871765382405}, "equilibrium_frequencies": {"A": 0.42242685568570315, "C": 0.17141469126010397, "G": 0.15636668155397856, "T": 0.2497917715002144}}, "flu_h1n1pdm": {"mutation_counts": {"TtoG": 197, "CtoA": 738, "AtoG": 2887, "AtoC": 368, "GtoA": 3450, "TtoC": 1962, "AtoT": 522, "CtoT": 2174, "TtoA": 318, "GtoT": 480, "CtoG": 55, "GtoC": 59}, "mutation_spectrum": {"TtoG": 0.5710144927536231, "CtoA": 2.403908794788274, "AtoG": 4.455246913580247, "AtoC": 0.5679012345679012, "GtoA": 11.815068493150685, "TtoC": 5.6869565217391305, "AtoT": 0.8055555555555556, "CtoT": 7.0814332247557, "TtoA": 0.9217391304347826, "GtoT": 1.643835616438356, "CtoG": 0.1791530944625407, "GtoC": 0.20205479452054795}, "ff_syn_states": {"C": 307, "G": 292, "T": 345, "A": 648}, "empirical_frequencies": {"A": 0.40703517587939697, "C": 0.19283919597989949, "G": 0.18341708542713567, "T": 0.21670854271356785}, "equilibrium_frequencies": {"A": 0.41565870028826574, "C": 0.1787376335074494, "G": 0.14864341398254402, "T": 0.25696025222174085}}, "flu_vic": {"mutation_counts": {"TtoG": 93, "CtoT": 1317, "TtoA": 146, "AtoG": 1892, "TtoC": 1197, "AtoT": 175, "CtoA": 379, "GtoA": 1891, "AtoC": 162, "GtoT": 204, "GtoC": 13, "CtoG": 18}, "mutation_spectrum": {"TtoG": 0.2421875, "CtoT": 4.914179104477612, "TtoA": 0.3802083333333333, "AtoG": 2.802962962962963, "TtoC": 3.1171875, "AtoT": 0.25925925925925924, "CtoA": 1.414179104477612, "GtoA": 8.836448598130842, "AtoC": 0.24, "GtoT": 0.9532710280373832, "GtoC": 0.06074766355140187, "CtoG": 0.06716417910447761}, "ff_syn_states": {"T": 384, "C": 268, "G": 214, "A": 675}, "empirical_frequencies": {"A": 0.4380272550292018, "C": 0.17391304347826086, "G": 0.13887086307592472, "T": 0.2491888384166126}, "equilibrium_frequencies": {"A": 0.46217115107203277, "C": 0.14331068991346615, "G": 0.13877630412097308, "T": 0.255741854893528}}, "flu_yam": {"mutation_counts": {"AtoG": 2039, "GtoA": 1940, "CtoA": 407, "GtoT": 195, "TtoG": 100, "AtoT": 176, "CtoT": 1467, "TtoC": 1433, "AtoC": 136, "TtoA": 133, "GtoC": 18, "CtoG": 20}, "mutation_spectrum": {"AtoG": 2.9766423357664236, "GtoA": 9.282296650717702, "CtoA": 1.5714285714285714, "GtoT": 0.9330143540669856, "TtoG": 0.25510204081632654, "AtoT": 0.2569343065693431, "CtoT": 5.664092664092664, "TtoC": 3.6556122448979593, "AtoC": 0.19854014598540146, "TtoA": 0.3392857142857143, "GtoC": 0.0861244019138756, "CtoG": 0.07722007722007722}, "ff_syn_states": {"T": 392, "C": 259, "A": 685, "G": 209}, "empirical_frequencies": {"A": 0.44336569579288027, "C": 0.16763754045307444, "G": 0.13527508090614887, "T": 0.2537216828478964}, "equilibrium_frequencies": {"A": 0.4786087201720874, "C": 0.13515848790674487, "G": 0.14527611053135914, "T": 0.24095668138980864}}, "rsv-a": {"mutation_counts": {"AtoG": 1031, "GtoA": 1009, "TtoC": 1471, "CtoT": 1560, "AtoT": 571, "TtoG": 100, "GtoT": 121, "TtoA": 414, "CtoA": 285, "AtoC": 113, "CtoG": 13, "GtoC": 1}, "mutation_spectrum": {"AtoG": 1.7654109589041096, "GtoA": 8.408333333333333, "TtoC": 3.020533880903491, "CtoT": 7.289719626168225, "AtoT": 0.9777397260273972, "TtoG": 0.2053388090349076, "GtoT": 1.0083333333333333, "TtoA": 0.8501026694045175, "CtoA": 1.3317757009345794, "AtoC": 0.1934931506849315, "CtoG": 0.06074766355140187, "GtoC": 0.008333333333333333}, "ff_syn_states": {"C": 214, "A": 584, "T": 487, "G": 120}, "empirical_frequencies": {"A": 0.41565836298932385, "C": 0.15231316725978647, "G": 0.08540925266903915, "T": 0.34661921708185056}, "equilibrium_frequencies": {"A": 0.4141777879771146, "C": 0.1358181071044188, "G": 0.08637784837729592, "T": 0.36362625654117064}}, "rsv-b": {"mutation_counts": {"TtoA": 229, "TtoC": 1352, "AtoT": 359, "GtoA": 904, "CtoT": 1205, "CtoA": 200, "AtoG": 961, "TtoG": 79, "AtoC": 86, "GtoT": 86, "GtoC": 3, "CtoG": 5}, "mutation_spectrum": {"TtoA": 0.4626262626262626, "TtoC": 2.731313131313131, "AtoT": 0.5707472178060413, "GtoA": 7.174603174603175, "CtoT": 6.30890052356021, "CtoA": 1.0471204188481675, "AtoG": 1.5278219395866455, "TtoG": 0.1595959595959596, "AtoC": 0.13672496025437203, "GtoT": 0.6825396825396826, "GtoC": 0.023809523809523808, "CtoG": 0.02617801047120419}, "ff_syn_states": {"G": 126, "A": 629, "T": 495, "C": 191}, "empirical_frequencies": {"A": 0.4365024288688411, "C": 0.1325468424705066, "G": 0.08743927827897294, "T": 0.3435114503816794}, "equilibrium_frequencies": {"A": 0.42467669026987015, "C": 0.1370651398491402, "G": 0.0898399785524106, "T": 0.34841819132857904}}, "evD68": {"mutation_counts": {"TtoC": 1822, "GtoA": 1389, "CtoT": 2163, "AtoG": 1949, "GtoC": 72, "TtoA": 158, "CtoG": 28, "AtoC": 57, "GtoT": 37, "AtoT": 218, "CtoA": 85, "TtoG": 32}, "mutation_spectrum": {"TtoC": 3.1964912280701756, "GtoA": 6.430555555555555, "CtoT": 6.80188679245283, "AtoG": 2.5986666666666665, "GtoC": 0.3333333333333333, "TtoA": 0.2771929824561403, "CtoG": 0.0880503144654088, "AtoC": 0.076, "GtoT": 0.1712962962962963, "AtoT": 0.2906666666666667, "CtoA": 0.2672955974842767, "TtoG": 0.056140350877192984}, "ff_syn_states": {"A": 750, "T": 570, "C": 318, "G": 216}, "empirical_frequencies": {"A": 0.4045307443365696, "C": 0.1715210355987055, "G": 0.11650485436893204, "T": 0.3074433656957929}, "equilibrium_frequencies": {"A": 0.3282196502774041, "C": 0.17435845058107396, "G": 0.12818902742452054, "T": 0.36923287171700137}}, "evA71": {"mutation_counts": {"CtoT": 6169, "AtoG": 4230, "GtoA": 3603, "TtoC": 5162, "AtoT": 749, "TtoA": 863, "GtoC": 284, "TtoG": 304, "CtoG": 221, "AtoC": 285, "CtoA": 405, "GtoT": 328}, "mutation_spectrum": {"CtoT": 11.257299270072993, "AtoG": 7.804428044280443, "GtoA": 9.286082474226804, "TtoC": 9.523985239852399, "AtoT": 1.381918819188192, "TtoA": 1.5922509225092252, "GtoC": 0.7319587628865979, "TtoG": 0.5608856088560885, "CtoG": 0.4032846715328467, "AtoC": 0.525830258302583, "CtoA": 0.7390510948905109, "GtoT": 0.845360824742268}, "ff_syn_states": {"C": 548, "A": 542, "G": 388, "T": 542}, "empirical_frequencies": {"A": 0.26831683168316833, "C": 0.2712871287128713, "G": 0.19207920792079208, "T": 0.26831683168316833}, "equilibrium_frequencies": {"A": 0.2713781853569168, "C": 0.2356452026154038, "G": 0.2179118013731142, "T": 0.2750648106545651}}, "denv1": {"mutation_counts": {"GtoA": 3040, "TtoC": 4224, "CtoA": 463, "GtoT": 258, "AtoG": 3357, "CtoT": 4734, "TtoA": 573, "AtoT": 557, "CtoG": 100, "GtoC": 148, "TtoG": 162, "AtoC": 244}, "mutation_spectrum": {"GtoA": 9.559748427672956, "TtoC": 13.94059405940594, "CtoA": 1.3459302325581395, "GtoT": 0.8113207547169812, "AtoG": 5.2453125, "CtoT": 13.761627906976743, "TtoA": 1.891089108910891, "AtoT": 0.8703125, "CtoG": 0.29069767441860467, "GtoC": 0.46540880503144655, "TtoG": 0.5346534653465347, "AtoC": 0.38125}, "ff_syn_states": {"G": 318, "T": 303, "A": 640, "C": 344}, "empirical_frequencies": {"A": 0.3987538940809969, "C": 0.21433021806853583, "G": 0.19813084112149532, "T": 0.18878504672897195}, "equilibrium_frequencies": {"A": 0.406150943534923, "C": 0.19045313368108888, "G": 0.2111865421708699, "T": 0.19220938061311815}}, "denv2": {"mutation_counts": {"GtoA": 3016, "GtoC": 170, "CtoT": 4870, "TtoC": 4693, "AtoG": 3281, "AtoC": 284, "TtoG": 165, "AtoT": 573, "CtoG": 123, "TtoA": 565, "CtoA": 421, "GtoT": 248}, "mutation_spectrum": {"GtoA": 10.36426116838488, "GtoC": 0.584192439862543, "CtoT": 14.323529411764707,