virus,A,C,G,T
SARS-CoV-2 (MN908947),0.28966,0.13692,0.06492,0.50850
RaTG13 (MN996532.2),0.29215,0.13440,0.06390,0.50955
BANAL-52 (MZ937000.1),0.28894,0.13318,0.06612,0.51176
BtKY72 (KY352407.1),0.26270,0.15266,0.09222,0.49242
SARS-CoV-1 (AY278488.2 ),0.28615,0.16651,0.08955,0.45779
